ResponseId,POINT_X,POINT_Y
R_11nGB4Uw7RLyKlf,478063.918852999981027,1150905.045720000052825
R_5d5MC1RrMy5QsUC,403971.708639000018593,1287784.504870000062510
R_5fqo2B7fIsZASKE,419020.271981999976560,1295156.833189999917522
R_3Defa6RXlVRMXoR,550630.839569999952801,1443785.724110000068322
R_7est0arTyWGr4sX,558601.663660999969579,1352920.312630000058562
R_3FLgDdBAiEZeS7g,548602.496499000000767,1274967.062679999973625
R_3PtGmlUJc2yrMbk,515997.693614999996498,1352090.849269999889657
R_7XbuvuPxQRqoWlm,398485.805929999973159,1289658.603289999999106
R_717vLiCirxWyQCB,561295.620990999974310,1310197.320700000040233
R_52bxRnE3r4Nd7eC,553519.470291999983601,1304964.702409999910742
R_37vrUTkjsRs0Jtn,561178.231294999946840,1294140.724819999886677
R_3PpSH3TXnYiQcuV,548477.596834999974817,1481577.802020000061020
R_1wi81t6XflVFkAC,593535.696344000054523,1464517.432289999909699
R_6l6ONywJufO3orC,557936.762180999969132,1461595.579339999938384
R_7z6dzK6Gz8BAO0R,595794.779743000050075,1461787.292970000067726
R_1l4gdBALt9sHXDH,589254.073665000032634,1330054.841610000003129
R_740EHWIaYdjXaUX,531861.077816999983042,1257489.795119999907911
R_7F1twRjQTBLWTPr,542653.138284999993630,1277047.847649999894202
R_6K1k2PZigujSFEY,608881.581415000022389,1424346.660080000059679
R_1ZChoEW3e27GqFq,581309.411533999955282,1422579.436680000042543
R_23E9juTeaUCS5hf,591383.130449000047520,1402826.827019999967888
R_6o5SZZVYLvsqaII,598912.127588000032119,1419851.468510000035167
R_1B7Zr00HNvIWdPP,599557.346156000043266,1420155.590439999941736
R_7GvlV0hl9ybzC7f,595615.778799999970943,1424251.390709999948740
R_6Okx1BVD3Ja2SEs,591408.022048000013456,1417686.501410000026226
R_6I5pCCMIamell5f,593692.142217000015080,1421688.467200000071898
R_6KPL0iuw5PxPBWL,553558.345800000010058,1398225.260280000045896
R_6YDzx1cRT2sl5mh,565254.592170999967493,1404325.182819999987260
R_3GelSDU9RzDrh3V,576811.477070000022650,1412345.541230000089854
R_6azwaxO7TiLGIhs,537296.149668999947608,1396508.869819999905303
R_3aLk3xDs7rrkxAN,532394.356457000016235,1413594.898980000056326
R_307FkhbwiiVSpcB,560081.414707000018097,1425462.112320000072941
R_78TE3S1NkU7SUev,569220.216289000003599,1417223.044999999925494
R_1Ms0WqGsM38kj28,589932.617704999982379,1275597.904779999982566
R_1ggAKJXwFLhZD1L,574768.978205000050366,1273860.283950000070035
R_6hMAAXRNNH2HsRJ,503416.938257000001613,1382165.970759999938309
R_5ilKKTgsjRkcatq,466813.224684000015259,1388191.645530000096187
R_3HqLv0dsIsSY9RJ,503233.797600999998394,1398672.224309999961406
R_6JuYEgE7BtzYlMJ,506116.948799000005238,1402743.978540000040084
R_7TFY1MJ2IWq81YN,494262.969694999977946,1379517.525240000104532
R_6j1KBOU8vqGQTvw,520994.577447000017855,1363244.447300000116229
R_7fwI89nBL7bNtHH,511147.490662999975029,1384763.056300000054762
R_1P4rTrSIS8pXT6Q,605124.157393999979831,1339190.708069999935105
R_6dnd44L6i2TsqhX,614928.251891999971122,1343207.408779999939725
R_7PZSzzp4JtM0HaJ,612312.565852000028826,1349976.497750000096858
R_1ya3WgLfAkQd0yQ,614678.674063000013120,1351702.013329999987036
R_3iPXzkYdb44KwiC,622538.567699000006542,1350061.084890000056475
R_3NNKX2e2BK9vl4J,603835.959728999994695,1344982.615599999902770
R_7x2wyzxkMpQISJj,633851.031302000046708,1341795.920450000092387
R_11snpxsC7HrbYsx,634293.381649999995716,1341895.268649999983609
R_37kt1pkghS5zFtV,634147.019861000007950,1341833.340349999954924
R_3CE9vbxVMRZlgKB,570056.171913999947719,1277773.402920000022277
R_14C3zxDG3I8xqCZ,571832.272222000057809,1273063.736299999989569
R_1WB8m2TusJSdb3i,577119.424323000013828,1267904.391250000102445
R_3DoIQTLOBQptaCg,521676.191453000006732,1236612.685430000070482
R_7kHvkxGeNKnSBc8,531671.377404000028037,1228406.486569999950007
R_6y9I8JMuKbGJt4g,605089.022194999968633,1349891.604049999965355
R_6IEI1ekKslfLqv2,605548.741646999958903,1349903.535489999921992
R_1ZBJAmwe8ThOnkO,529413.557361999992281,1248797.785499999998137
R_7ypXpx9KXlrxYtD,533353.835010000038892,1242391.499959999928251
R_3K7HR1ZwSPJkkaQ,546882.401277999975719,1228323.791729999938980
R_7P5ErhATiCb9fFY,535577.461385000031441,1222390.657409999985248
R_6pa5phQ622ntptu,537534.979981999960728,1228323.843090000096709
R_1jJHq6Ijny1a42d,550114.897128000040539,1445789.243179999990389
R_5eadQZoeNAA6NUA,547057.935577000025660,1294298.979460000060499
R_1Tw9orjVbOnUFwj,555794.571241999976337,1295624.630489999894053
R_51cmUF8na84lCHG,548595.787967000040226,1264646.450729999924079
R_3OVL4zYeO6Ppyjn,547932.279706000001170,1257281.269159999908879
R_6Pom0ixQ3HF7k66,558263.718097000033595,1263525.870259999996051
R_1oFlyqjuXuoPaGJ,563885.186601000023074,1331387.414270000066608
R_33gBblyYg4RriYc,566543.236433999962173,1323449.284079999895766
R_6OTqgF2Hg5tOXxK,566516.012461000005715,1318106.796309999888763
R_1eqIFC95Thz4GVC,568872.468747999984771,1332536.564930000109598
R_71FdDJfxEf19NAy,558544.585838000057265,1353910.533109999960288
R_5SzhFOgxuk7XHwd,579839.156565999961458,1307545.208989999955520
R_3tD21x6LmBLP0XS,571840.651782999979332,1304931.855819999938831
R_13B8XDW0s5KerT3,577206.671714000054635,1310153.354499999899417
R_7HpXF2WxIBUmoz7,569663.812105000019073,1291263.230029999976978
R_3PZEsXeqUcxDSTN,577440.566414000000805,1294152.716939999954775
R_14l8BhcFZOWjtkG,577245.094368000049144,1302224.541630000108853
R_7FOxJDoSudDVp6N,550349.107289999956265,1240159.389840000076219
R_7iWOaBLBLWXyEif,551421.549772000056691,1234332.005549999885261
R_19b2grooIXdHBKt,550578.029637000057846,1230731.850580000085756
R_13eAf7McSurZP4S,504055.755830999987666,1319755.100659999996424
R_1IMXxvhYpikpFHl,505144.611491999996360,1330989.550509999971837
R_3E3I50SSt0WdnvX,512848.999606000026688,1341669.515529999975115
R_6nHRYZTSx9sHcfw,510580.372127000009641,1342127.103159999940544
R_1y7sOcJysFMS4jr,501752.743315000028815,1334231.294089999981225
R_1d4fheZb7vj5j7A,510586.073475999990478,1331521.658139999955893
R_3cgZB4TctIaOESd,510623.383764000027440,1304513.980019999900833
R_7Ugxkms9TdZMJEd,498235.229225000017323,1313335.902830000035465
R_7ePrrrmD0PFDQ1b,499683.404490999993868,1323557.201790000079200
R_3GystL4uCEws8S0,500323.831697000015993,1320898.807950000045821
R_6nSEUwJw3X0N7fS,508596.842287999985274,1314068.187170000048354
R_6ri5MyJaAxkuXgi,490285.783156000019517,1317259.138659999938682
R_5FK5mhPhJ8tfec0,537130.123561999993399,1326158.312369999941438
R_1yINQBh3Adqfbm9,534303.151723999995738,1326451.589810000034049
R_3DTfRnezlPROTkh,496644.915481999982148,1294369.590030000079423
R_3spsrWcOWUReFay,493958.944724000000861,1292511.082990000024438
R_1CpAmqFNLgtcknx,498183.285672999976669,1296560.376600000075996
R_6Kr6SKLQa3qGgze,511373.673560000024736,1356820.615740000037476
R_5rxAli0zCL3JWrU,501454.473236999998335,1351724.246580000035465
R_3EB0vAPyzASXSiH,508056.298247999977320,1358197.761660000076517
R_3yoeZmhaIW577LX,510673.346795000019483,1358149.538810000056401
R_6QmH1889IwE7Hqk,515964.686126000015065,1362168.942989999894053
R_3IWV3943CrOIvwn,507954.238443000009283,1365001.276090000057593
R_3LcDCGyL9RRoB6Z,505346.040164000005461,1365042.478270000079647
R_3ONqjexHdXnLqaA,490199.891429000010248,1344983.208949999883771
R_5TSPRMNlGqCprfs,498550.040982000005897,1336847.289469999959692
R_5IatjhU1slptEMJ,498602.346418000000995,1341617.738570000045002
R_6pVBN1Hkv4I8LtN,466448.198705999995582,1341829.298639999935403
R_6ayigFX7rN2JsMu,491616.058802000014111,1287123.280060000019148
R_3itBBg0NezzI1wB,491690.436574999999721,1287121.490560000063851
R_8p9CKIWXfO3xwqH,529253.689415000029840,1342557.974249999970198
R_6nZvInwijIwo0TI,529201.115807999973185,1350047.872299999929965
R_5IYo3zqFwb8crr2,496671.172583999985363,1364405.087999999988824
R_61ixqEef70rUMKj,538370.455079999985173,1302327.214750000042841
R_6YFLIL6Io1pPYw9,527271.393609000020660,1326185.377289999974892
R_72Rn3GSiez9NwDd,535141.750635999953374,1311488.207329999888316
R_1MsouUFAN56awy5,481411.404877000022680,1347669.884589999914169
R_7dLWuRPUu1qXWEk,483242.348783000023104,1359105.833050000015646
R_5QmjJvRiznLrU1O,491995.378545999992639,1347630.916830000001937
R_5jKc4nUn4OoObqR,484091.611063999996986,1363914.935009999899194
R_3VeCSRYWmuk4oOK,482794.708107999991626,1367434.624860000098124
R_7np8WIU9o11JqSU,476319.338408000010531,1364701.771699999924749
R_6gLxrY0daKogizk,451470.525468999985605,1351820.120420000050217
R_1U096VRZ7536KKl,500123.886133999971207,1306651.256820000009611
R_5IYb5GHbUxQcWyJ,500191.740081000025384,1309445.740130000049248
R_7afR6AX6bbFOxmo,475090.061553000006825,1339002.800710000097752
R_6hMX4349GkfoyCB,478148.908523000020068,1342467.706980000017211
R_5lFZJGqBR66X6EO,478342.772648999991361,1342474.362029999960214
R_3X0QR5MdW0H66PZ,466644.561916999984533,1346812.722779999952763
R_3Orj94OMYuZ9dch,458160.696433999983128,1345241.619119999930263
R_3NDfo2JTwBTezRD,539296.138889999943785,1353625.064400000032037
R_6PqQpnp4vwer3bj,539389.038932000054047,1352557.027109999908134
R_5rCuCWhGwnUQnyQ,532713.370986999943852,1375678.523329999996349
R_7oYqZaGzCmfpzqW,540740.727697000023909,1383060.447170000057667
R_69jkgddorwRmcpK,542253.656400999985635,1395125.151300000026822
R_51AYGdFs6eP5jDb,535126.276141999987885,1392702.616360000101849
R_7Dkb4TijXo4o677,449689.083802999986801,1252372.269309999886900
R_7RflN9rVhlOwpEZ,439842.245697000005748,1269628.905070000095293
R_6MDC2rMmHqu6BMJ,443312.055171000014525,1270896.218129999935627
R_3F6Vk5qSSfWyULv,455035.149314999987837,1265236.525290000019595
R_1eaAI84saAtKyWH,449580.983103999984451,1268248.052290000021458
R_6KSpIbkKIZmfVmh,449896.723017000011168,1268248.175160000100732
R_7uCVKvrPgqQKRuV,459556.491618999978527,1268721.042649999959394
R_1sKPQ5WhymVC2EV,448357.225097000016831,1236307.425199999939650
R_1nnaAkxj2l66NWN,447027.517616000026464,1225966.265880000079051
R_6FXqiYu3k9HtWee,425868.114092000003438,1245820.778179999906570
R_7FmzEbAANBx9TdD,417193.057611000025645,1243243.630060000112280
R_7VEegP0unRp11wB,425858.914278000011109,1241850.531020000111312
R_52LO504C3tiKmEd,421935.471419000008609,1247750.279540000017732
R_6ePyKCI478XgWuI,414547.556387000018731,1249512.607289999956265
R_6LveCeyciZhcxDS,414116.009750999975950,1246758.713400000007823
R_1PdXXNFV9jRPsv4,425908.143880999996327,1264468.047710000071675
R_1VrJUNFle4YJXwU,417942.624468000023626,1270976.112810000078753
R_53UbRsQcaVIQLBu,418153.511124000011478,1270990.358259999891743
R_7oO4KamqvKIRt3r,429996.753119000000879,1274872.251209999900311
R_3rop81wHp07fVbQ,423110.365321999997832,1258612.138220000080764
R_6GdZqQLSl91xsZP,432498.555508000019472,1247441.457570000085980
R_7NaC22e3j2Jq5Fk,431684.450201999978162,1241036.622149999951944
R_5IMOz6lo5itKRdT,429856.234470000024885,1241040.212069999892265
R_61sJWoujylQTyIw,437733.256003000016790,1231278.598019999917597
R_1smFUQdySc7UMkx,436436.995701999985613,1231217.991420000093058
R_5D8CZk7EjJa9emH,443381.389902999973856,1225947.488660000031814
R_63eTgAHFpIjTryN,436381.969816999975592,1260318.124559999909252
R_7Ta1jQ1GaWiJ5iF,436589.514300999988336,1260318.986019999952987
R_5VJ6ygZZrFToRvP,433841.976488000014797,1263627.791859999997541
R_72GEOVH2H1h11wB,430097.375086000014562,1267220.577790000010282
R_3vdgQrKAvUqa86w,422422.620263000018895,1219421.464810000034049
R_69rLCHkvklNFYch,409901.198170999996364,1327030.540689999936149
R_7n2hdBWdQg7OBvk,409861.849711999995634,1323219.679149999981746
R_1LdIH0OtANS3M9t,409249.942120999970939,1322654.135149999987334
R_1dzU4YCbZhYXV6l,401930.205576999986079,1319262.315739999990910
R_1A8kcY4SWLFLjzj,405941.211756000004243,1311258.213560000061989
R_5r8INOYZyP7gqW2,409986.885007000004407,1312508.392400000011548
R_7wFuMXjgnTNCCQL,401913.339297000027727,1311308.676919999998063
R_7AALhxbQ1ecyBZ7,423231.355816999974195,1326523.744020000100136
R_1ruW45cmWKF5rgD,422828.064109999977518,1323796.450359999900684
R_1nfdP6dMvgrfNAt,427316.095288000011351,1321728.248469999991357
R_5o0ZYMDs83wy1RD,427333.168206000002101,1327047.613260000012815
R_3dHugDHfEILtsmx,420488.525765000027604,1319062.715689999982715
R_7JXFuXms6JkmlZO,425731.568310000002384,1305272.565639999927953
R_5f3xA0vz6VtdugZ,425076.896354000025894,1302892.884880000026897
R_7dtx7Tdiv4emTAQ,420609.321743000007700,1345107.389089999953285
R_63LEyTSa4MgSpbP,415858.483499999972992,1334681.688249999890104
R_3Av73HzwynDxg9r,416741.194212000002153,1321766.713519999990240
R_3iQBI3tqTwI2ojD,420016.609821000020020,1329994.379479999886826
R_1TdIlSAXYTUkVxL,413508.358477999980096,1335279.310650000115857
R_8pWnB4igyDPIVaR,418446.370126999972854,1315198.842789999907836
R_68YCnZTTUsjezlf,417506.607957999978680,1300706.975880000041798
R_6GnX9c4iI02k8gh,415312.197389999986626,1317728.683969999896362
R_7HcJManJtt2eOc2,399273.915726999985054,1298798.580270000034943
R_7L594eEsExnqLCx,399867.189222000015434,1308327.956530000083148
R_1EzDhpfVLX145YL,399994.640834000019822,1308322.073940000031143
R_3oJTNHmxrPUBxAt,399943.527250999992248,1308328.296749999979511
R_1bVFik6mJZrWWpZ,401789.085673999972641,1303215.093709999928251
R_60w1Ecw7tqhMlAb,415680.250591000018176,1292457.983190000057220
R_11oT89sSBajKHL6,415318.994185000017751,1311091.435629999963567
R_3OTVQSDfyeVJqrM,415264.927550999971572,1295019.256539999973029
R_5U4xFasBCbysLL8,405935.350719999987632,1297848.727549999952316
R_3rq6cfsslSeKdle,409928.927857999980915,1303096.749599999981001
R_3Bnvnw3tSQe2ll2,399187.417084000015166,1279257.277160000056028
R_3BrZAs1q5NVdCW9,391199.217096999986097,1276788.799809999996796
R_7qQAFmwfRDDIBbq,401876.261113999993540,1291256.346700000111014
R_1HkpY9S9jC93w0p,429913.717361000017263,1294823.939800000051036
R_7xLsP7EfJKO2wMw,392427.263763999973889,1293123.660050000064075
R_3i5y3NRXPu7Tyrn,387265.098418999987189,1290170.970380000071600
R_6rCw7yWgQHi8tkO,391272.164792999974452,1294063.123180000111461
R_70uaJk23Cur2MRc,409822.940727000008337,1270901.694900000002235
R_3m8H5zBLoAKv84L,409688.023548000026494,1275084.544819999951869
R_5WIkElC0wZpm7sZ,410018.192711999989115,1275081.703560000052676
R_72ta23KJRJE1cKG,399180.331602999998722,1284596.189980000024661
R_5pS2wsxuVv0tXg4,403558.876045999990311,1292316.024160000029951
R_1aJjUWzuCHsaJX4,409848.434598000021651,1279068.462400000076741
R_7EXtjyuK72y8Qgf,396581.835566000023391,1289999.424240000080317
R_7D84TxJkVCScOSR,417373.362627999973483,1272183.087000000057742
R_7rlCrsupdZ4G95N,418036.932978999975603,1268000.991910000098869
R_1RaBkW3te34Fjtb,409741.013167000026442,1279076.620050000026822
R_56cOwUGrv7BZe2l,429854.767945999978110,1274888.535260000033304
R_1WCD8vpJZQB1akH,427530.458519999985583,1284480.768510000081733
R_3IxRKVATEOZlc0Q,689812.610206000041217,1357236.372680000029504
R_6VAAUpPO8Pwg9Cp,685965.607533999951556,1342170.430889999959618
R_5upB6vhQbdxSbg5,664740.805443000048399,1342108.308470000047237
R_58RJ4mM5sUbaDSI,664055.652186000021175,1331376.299349999986589
R_3nsKcUBUCXJijRf,666244.579786999966018,1345154.232300000032410
R_72JBAQTD96gQn6N,680526.014032999984920,1386303.110709999920800
R_63fr3a50nLCQ1Oc,668562.744621000019833,1368805.946029999991879
R_6Hn7VIKsBEoQvee,648500.248997000046074,1381890.275579999899492
R_1pMODm5ZVyiu7X0,648726.025865999981761,1381893.864049999974668
R_1ZWT5u8kqwSgWu5,654002.238969999947585,1361954.500819999957457
R_7Tq20m1ZusFJopW,654274.811774999951012,1395805.350219999905676
R_7ZqZY3eLxxnWjVT,638338.337133000022732,1310213.644360000034794
R_3Rsa7JAkbNejEcx,648682.459824000019580,1310281.650300000095740
R_3RkDMqnO0xKqp8t,744952.516203999985009,1267695.773229999933392
R_5h6MTb7YVkVK321,706722.177731000003405,1297854.549850000068545
R_3p3ZKy6iWcrBxRQ,527894.094695999985561,1126338.213810000102967
R_7WMrkW8HMbkcYIY,510500.805585999973118,1110718.763959999894723
R_3GwR49AGHkYP2EE,504061.057181000011042,1130979.803610000060871
R_63dJtLD4oSaeM7s,465636.242069999978412,1144469.379759999923408
R_7H7TV52zIEp6ofA,465690.551886999979615,1147795.637529999949038
R_1PRjIqTGlvy7foZ,470035.207432999974117,1123625.316570000024512
R_3iyo7XAG0bFMF57,469505.571388999989722,1127664.755610000109300
R_7lS3UX5Cngff4Ph,454973.547987000027206,1137795.199719999916852
R_7Csveu5utxGDmsA,445869.996318000019528,1137575.133459999924526
R_73ZuTfYahtZ4mtL,515891.209458000026643,1136239.487239999929443
R_1eP8khzHoO1Blst,507352.356152999971528,1151596.297199999913573
R_51XzaPqAfCugNoi,503180.151341999997385,1147970.778970000101253
R_7Ahpu9ZSbEB0ZmV,518303.189878000004683,1168737.074190000072122
R_6MljSmkci3uNUHa,518339.103592999977991,1182789.748979999916628
R_3oIE2BqD4c9yCmB,477074.921237999980804,1158328.125810000114143
R_3D6JWPSEmc3PQlj,491511.364064999972470,1162060.663990000030026
R_1fYKdyZUk6CqOAp,487087.619820000021718,1171250.296989999944344
R_6QzLgq23bqAFdqp,494156.193005000008270,1168285.745289999991655
R_7Es7FKoMXAXl4Zy,496307.692572999978438,1170611.572119999909773
R_1D6KhJD0Pls781O,498227.597202999982983,1165872.615250000031665
R_6q9W8YH9BawGmEo,492034.181737000006251,1106225.384959999937564
R_3MhONdC12hXTCLI,494389.176801000023261,1116525.614060000050813
R_6JWCUh2769pPEtj,492117.661734000022989,1110905.521690000081435
R_5LrR0dfLkLB0zBv,500167.670780999993440,1477964.086349999997765
R_7k6qb23wJ2VV0RC,503522.014473000017460,1404549.974470000015572
R_3gOujdEmPLsOZOE,427444.379746999999043,1351147.485719999996945
R_1JPxHzOpjZexrw7,413701.631445000006352,1366144.882440000073984
R_3jciqN4n1SVEa9T,425789.466056999983266,1354667.649250000016764
R_11BObanEXgCq3xf,426829.243715999997221,1355727.931660000002012
R_55QTLS3dMVwdknI,420020.250216000014916,1362740.814280000049621
R_3e0dZMElpzHnuA9,433713.255380999995396,1369013.912190000060946
R_6qlLC077zEyjUZA,436200.084811999986414,1369265.887039999943227
R_6NB2rFfrwasoaxH,412335.410333000007086,1386628.845549999969080
R_5ErK0aryJ1EW46Z,404779.994948000006843,1389374.752129999920726
R_634haWmAock2LM2,417627.266024000011384,1378144.881650000112131
R_5yda8jVNIz6ihW8,413649.932504000025801,1385519.549000000115484
R_5GcW41OoipzJ5OO,417485.277273999992758,1378153.276860000099987
R_5bZ1hFCFEQjMhLX,408996.740708000026643,1384681.502219999907538
R_38M1uHzLpoyz8Ui,419428.904674999997951,1396529.750389999942854
R_7uBY3SqionTgSlx,417568.034678000025451,1396435.122969999909401
R_1mXGTyH29Jo6kPy,427420.328495999972802,1335546.387210000073537
R_3mMWjknKB8ZwiOt,598623.910825000028126,1421308.212069999892265
R_3czwtNBzh14N2hj,546026.412999000051059,1426853.843679999932647
R_5TO6CJ1zn9vyeAm,520162.919804000004660,1396158.032439999980852
R_5emhRRyRNuJrpL6,523324.634393999993335,1228657.981720000039786
R_8OpLRQj8oIaslny,558609.037099999957718,1333498.511149999918416
R_5gSdA7MZ2qGIjis,512269.053098000003956,1314312.298530000029132
R_5Li3M6JAOmLvPVf,454611.775800000003073,1356233.165329999988899
R_3Vlk1cCKPUFKKJj,476566.743513000023086,1333844.144839999964461
R_2ccQp1Xx1ltUMXT,452386.772837999975309,1264285.952589999884367
R_5HFWuXFUclmzKft,461943.590830000001006,1264678.117020000005141
R_1AGrxJpM6Dr5s9n,420591.825800999999046,1263030.676660000113770
R_54peEs84tpKRN0s,413869.434843999973964,1268350.729150000028312
R_7Xb0mGFbofE12qB,433849.010320000001229,1264289.204450000077486
R_54A6WXS3M6Dn8KF,434714.802020000002813,1269593.835909999907017
R_7DcAjaYKHSFFLax,421150.307534000021406,1337355.139140000101179
R_7NvJji26UFLpntD,425563.228737999976147,1346378.788420000113547
R_1VK36F00CkzV5NE,415672.005517999990843,1329798.308780000079423
R_65GwsspUHwI4Iam,415318.260361999971792,1323325.790839999914169
R_6MkNRapj191epVv,401978.287942000024486,1291253.170119999907911
R_7WMtlYhvDWgcTII,432575.850066000013612,1276216.211610000114888
R_31EKFr9HOuK35yW,687159.991238999995403,1352815.206359999952838
R_5FNr7vbOhBoxcWZ,685801.297416000044905,1360429.488069999963045
R_3TF9SuftUkQfkUI,649281.144501999951899,1373962.340599999995902
R_61xzf16k9EGUwRr,706782.190459999954328,1295080.469680000096560
R_1FICIaR5tktqsij,526921.741999999969266,1109855.219920000061393
R_6EAOJsNkusQYPNK,460985.617968000005931,1150292.883850000100210
R_6NSwWTH5c1pRZT3,473252.254368000023533,1172468.527749999891967
R_6yVR3RnARBUHqP7,632054.539777999976650,1147506.203019999898970
R_3rjeDNCXMgIoC8n,417644.052558999974281,1385367.135530000086874
R_1ScVIChyYxNzGYn,555949.257086000056006,1310221.908939999993891
R_3PgUI0WyHW32SxZ,576936.220096000004560,1408392.908479999983683
R_1I65fNdvaF3TZUp,599832.449718000018038,1320736.009259999962524
R_3OHmsnC0363q81T,585276.426008000038564,1310174.833839999977499
R_6tCYR1MMGe4ySd7,546563.232196000055410,1329453.140970000065863
R_5O38mhE7uKpEPos,489264.381250999984331,1367924.614730000030249
R_6mkFneusZTotjbV,436464.003819999983534,1260305.652370000025257
R_7Hk2a1guATWEQRG,436653.635914999991655,1294759.058879999909550
R_6Hj04l2Qo3dK2gT,388296.920618999982253,1284782.377409999957308
R_5rjV7rcOpSmHcwX,433569.664234000025317,1277553.661439999938011
R_7SObLMeASffIgWl,675222.893645999953151,1354352.840820000041276
R_5EzWzgTD3HjvRa1,657172.114687000052072,1397231.205880000023171
R_5CVeDED79Nrajcc,516078.276048999978229,1198083.108520000008866
R_7XmNF3syQIW1QUq,594899.332277999958023,1486734.675319999922067
R_6UXUmQ7KMXxJCJL,595335.870307000004686,1463524.284720000112429
R_7xSh8pjYZR98MAF,497515.829489000025205,1404779.520379999885336
R_7qlZ1Iqrfj2saGt,600918.366174999973737,1424342.513240000000224
R_6NVaqf8NzwSUfXs,595053.007606999948621,1415055.279020000016317
R_2zFHptnX0KK2AXD,596163.894547999952920,1411927.550389999989420
R_1OoTlHEl6bDPOhb,542224.820215999963693,1400473.971630000043660
R_3iTPltlslGhTPqx,571656.207224000012502,1407053.301220000023022
R_6HSRcWOasMMM4PZ,591454.522709000040777,1402776.324269999982789
R_6exOFcTLlGvv7ZT,518380.427028000005521,1400529.777740000048652
R_3FQn79S3mhx8tJK,481830.247847000020556,1396295.771449999883771
R_3gAtwb3eaD7iuDD,484238.975942999997642,1379583.556249999906868
R_3C2Nn6MD1XNiFe5,614816.642369000008330,1339626.879710000008345
R_6V2Rc6spbvW1E4I,611673.503867999999784,1339402.337270000018179
R_5dfOpSd7anKDnu1,509036.091865999973379,1401605.230530000058934
R_5OdyT5QmGlpvvFA,620960.366594000020996,1339425.434799999929965
R_6zJ3TAR99ERogkF,614390.635867999983020,1350003.926870000082999
R_31380sboAUdkFQB,569142.254450000007637,1279610.154679999919608
R_3fASkYWUG0ifAsi,516371.917238000023644,1228669.808479999890551
R_5ov9DaBLvWPRIXf,515775.554286999977194,1231395.424589999951422
R_3RO1WyKmmwiUx4K,547615.267859000014141,1228308.116540000075474
R_7smDZqLsOGRZGxQ,547788.843911999952979,1228321.791789999930188
R_5suoa5aY8o3OD9D,549155.053230999968946,1267969.822910000104457
R_1rGwC6MtoEiMii8,547839.393550000037067,1257244.602320000063628
R_6Rxqxqf5i8TS5kV,548004.897925999946892,1257249.428009999915957
R_3h4Ozgap3ElTtOF,558959.290534000028856,1256632.799799999920651
R_3ADQ2SERvlXmECt,553278.732575000030920,1332352.814680000068620
R_6nPeHyhdrRilyK0,546660.080747999949381,1352621.165040000109002
R_51vzoewfIqrqsuG,571333.529911000048742,1354939.115290000103414
R_8F42XjAt3Ps0Whm,577211.279481000034139,1304890.861989999888465
R_1MtcVNWtsaoB5zi,547767.544034000020474,1228342.111060000024736
R_5EQ4f80KO0H0qZP,505201.227583999978378,1319961.569709999952465
R_3KUm08M1Dcse4a5,547786.401997999986634,1257255.295360000105575
R_5kRqblIPwW8hNDA,509181.714387000014540,1319950.697570000076666
R_7Ycclk9NQEzvkA4,515832.760129000002053,1319280.176370000001043
R_1TzpdIkaARHB0hO,503203.669210000021849,1310217.218450000043958
R_6EyGGwMjnwIWwua,490243.343829000019468,1318300.865059999981895
R_6gOSOO4FCYTkEkc,490323.224502999975812,1318282.252430000109598
R_79r13Rdb5XykxSp,496599.382252999988850,1290343.530090000014752
R_3uJ2v0u8ypMXmsR,501395.646010000025854,1347875.379110000096262
R_6fkFHTbT8EZydf0,514273.259801000007428,1350107.702049999963492
R_10pjhNJuh7kDZgJ,503192.159967000014149,1350280.272750000003725
R_1NEczFhawQBVtRf,507951.555955999996513,1348845.555970000103116
R_8tygwnUBLkvbATT,500054.631110000016633,1357003.691170000005513
R_5zSV7DZqUKnlsp4,510641.412949000019580,1352846.512469999957830
R_5MTc1qzuq2OOPp9,510563.445837999985088,1338834.483430000022054
R_7bltYRLJkNgME0h,519088.676674999995157,1361902.607009999919683
R_3OW5oNnbDUkGsu1,518729.266306000004988,1358081.259460000088438
R_13eeBF2DnFh0UJw,489318.705485999991652,1344266.115329999942333
R_1QsSqXkX3kUkdfR,485962.482551000022795,1290631.911109999986365
R_3aqMl7Hk8aAMg4s,460499.262700000021141,1337418.062020000070333
R_3kv1omY3TVddvqW,488687.010534000000916,1290596.835419999901205
R_1e2i7QcKrHPMqTr,529253.724996999953873,1344778.616820000112057
R_6eF8XrzSxFlqOqo,524017.509390000021085,1338731.198629999998957
R_77Toq2Heuy4hbqy,526320.102305999957025,1340867.051680000033230
R_5o0iHefgJtgfmtb,531527.982371999998577,1352650.146010000025854
R_116Ns50akxSh71t,482089.216518000001088,1363707.422419999958947
R_5pR0lx2fHs76HeM,471227.134582999977283,1347035.044250000035390
R_7bJnLO8SjVSntX0,477386.712408000021242,1332816.810439999913797
R_6Nq9h0GOZP06tH3,482764.238634000008460,1342367.747070000041276
R_5YX53a9efr8t5Gx,458839.789860000018962,1346996.631079999962822
R_6xlPNoAHgacP2pj,539638.626079999958165,1356398.303270000033081
R_7dV7B4n9KwJ88AF,542256.185064999968745,1387960.694919999921694
R_1FRlGRioSbM11yV,551151.798708999995142,1384538.882879999931902
R_6B33ZCJiAF2E1TG,542263.751549000036903,1385145.995679999934509
R_62MA4y5fnTEkTVI,437686.603915999992751,1270907.352459999965504
R_731jeMWV3uxJEs1,449707.441899000026751,1231918.881300000008196
R_1CyyqAsKK2CIzOm,425810.745753999974113,1241855.468600000021979
R_7z716Z2QGEEMane,400395.712817999999970,1264577.073069999925792
R_7ne0MV66QweuFCB,412472.124621999973897,1264226.413570000091568
R_7IdbseDFPwahxi0,439048.666582999983802,1227508.291260000085458
R_7j9WAoPK4FLULiV,436482.502906000008807,1261303.836739999940619
R_7ODiAN3pmMqkLfs,418736.796830000006594,1256052.244450000114739
R_5vseOyAbFF3I9gt,441766.595575999992434,1257675.816850000061095
R_7MGY4Ta65uaq7FE,429901.265909000008833,1268296.923470000037923
R_3CTHZO4ot60JHwd,429897.436081000021659,1267609.019640000071377
R_1wGZ4Z8XtaVOgBe,436382.067441000021063,1233876.716770000057295
R_1VpB2KHUWNe6Esp,407378.076281999994535,1328535.221829999936745
R_6fHnJ3iIAHBC9y7,405888.257749999989755,1311263.346029999898747
R_1ptIUIA47sNO30x,418568.561433000024408,1338590.968150000087917
R_8tA5jGJ3XuDr1hL,420390.778646000020672,1302943.579360000090674
R_5BmS7XeouA2uLyg,429759.934453000023495,1304577.376209999900311
R_3Mgl5tB0J5RBWWF,438505.537616999994498,1297330.997040000045672
R_51yrIt82Hq79U9D,415823.657099000003655,1334692.761960000032559
R_6xOX3CIphpOpX6V,415779.773027000017464,1329789.208169999998063
R_6aZjRhI2MEP9y4F,418658.510882999980822,1314282.795470000011846
R_6K3594SSmqkw4Nz,401725.925943000009283,1303226.229820000007749
R_5D71j8I0npCUlsR,394160.053468999976758,1276699.398890000069514
R_7OeUH8CVizDQAgu,401821.933997999993153,1271571.950889999978244
R_1gXAQ6y7VCIO4GB,409819.030073000001721,1281790.443049999885261
R_3QVbEAASkFQZk09,423358.786544999980833,1272272.943609999958426
R_6Nz7Hz9jc0CYgOR,685293.943995999987237,1345241.289600000018254
R_6dz2zOb7Qrycm5c,665173.098272999981418,1334087.259300000034273
R_6HyBDXpmmU0nu1j,676042.873307000030763,1380328.841839999891818
R_359WmQNO2qP12xz,648640.814022999955341,1390519.460590000031516
R_5T0CvWqxLcFWZJT,651756.621980999945663,1381068.166549999965355
R_1aOBvIpDpr5iC3w,672740.338941000052728,1327888.391109999967739
R_3stbwy1jftCGl0i,648922.939214000012726,1349437.351460000034422
R_1SDfTI5lEtpLC49,660497.899744000053033,1309434.070000000065193
R_6mMwx2xCgYb8FZT,540087.657929999986663,1119886.961810000007972
R_32DeheBsCOHBe0L,494975.942752000002656,1129546.835879999911413
R_7lfUfscxcKN7ToB,492177.916396000015084,1131674.198360000038520
R_5oBJ7nu2WIdvnkQ,503973.471947000012733,1130969.782630000030622
R_7EaLvg0yX4rtV0y,504838.626410000026226,1135582.315309999976307
R_7oXVdZMiPKo1svw,469504.961758000019472,1129659.422090000007302
R_5Cv8aoINn1gbiwt,492827.057383999985177,1147293.629570000106469
R_3fjDk5mwBhHl66N,460960.075777999998536,1150296.375370000023395
R_3RaORIxDhwszMke,515481.638373999972828,1145813.652980000013486
R_1OjHvR9MI2NyS1U,500109.399218000005931,1188036.173840000061318
R_3EFYDsxARJ1GHcP,474996.658677000028547,1164407.748669999884441
R_8lyo3im6ehq1B12,467812.060647999984212,1160035.631760000018403
R_7tg14GGnSYWVszn,499087.957223000004888,1165351.860940000042319
R_7qaghnpDenv2tJw,511658.864156999974512,1172535.951820000074804
R_3qOz4EruLREQEZH,437551.087018000020180,1349125.229049999965355
R_6es4xOSsQ1d2kUh,434636.764497999974992,1346584.226109999930486
R_694j1MdvkG6LJ2V,414939.501851000008173,1378187.156650000018999
R_5pe4zbFncCZNqh3,427464.861487000016496,1355236.949310000054538
R_6saAsNldxBiWJ6A,558804.034066000021994,1448979.433879999909550
R_62l002xRsUggYDL,479892.390067000000272,1177068.224069999996573
R_5DSYq599hBlTHZm,481251.849512999993749,1148196.450819999910891
R_6f0QRQtnqlmaasN,420716.840148999996018,1268316.329080000054091
R_53PZEsDCFuDvo0V,500155.235132000001613,1130030.337499999906868
R_1dKESxPNLEL8Ew9,469471.725439000001643,1125667.097469999920577
R_5uE8Xztlfo0dEBz,401982.427211000001989,1311319.969490000046790
R_32lNenILrJvfpKb,508555.541102999995928,1333212.701559999957681
R_1f2DgqbVGiqFzO4,605363.489210000028834,1318054.388240000000224
R_3xV4dAZhicxfxz0,447110.079382999974769,1277802.348569999914616
R_6kiSzSop4sPC2ud,429856.662101999972947,1248098.399770000018179
R_524qbwYg3ofcLkG,526476.781170999980532,1321451.524410000070930
R_7VACekUaw1SOuyJ,420660.360030999989249,1289447.119470000034198
R_5WfX5EsaZqL2rhD,597803.983908000052907,1420523.276139999972656
R_3380h0ysNSl2tLd,454525.115762999979779,1356281.081109999911860
R_137LPbBbhVOw17s,660660.419916999991983,1381971.591119999997318
R_3IilYtooL8lXuSF,685237.207955999998376,1339643.795480000087991
R_3q4ojTHO6Mvhu21,476034.300283999997191,1365728.789709999924526
R_6uqhnF9FfGANTHN,444737.861214999982622,1246223.888899999903515
R_6qk5opGQGmqT7mU,472871.559922999993432,1149635.373260000022128
R_1fE5d5AQgQv3lPx,420724.733406000013929,1277583.196310000028461
R_7BbTNrdcrBd2XvQ,504901.462302999978419,1311791.267999999923632
R_39nJES0pu7jKXw5,611540.532571000047028,1439761.940470000030473
R_54YkJhMr4PhEiyt,486451.167414000025019,1407680.550779999932274
R_1IQsUihnDqUq4OO,551105.176090999972075,1384520.370170000009239
R_3rpUeFr8UR8l138,550586.171121999970637,1280860.949740000069141
R_5CCfXtmGKiclOIB,598240.083218000014313,1426942.434790000086650
R_7IYKJUY5F3hNpCY,441766.889695000019856,1258313.888989999890327
R_7Ei8n1kvZXyz4Pr,566560.878357999958098,1318126.224870000034571
R_5jPISkk9znAc9d7,569207.870527000050060,1298314.155890000052750
R_1P5mAW4LFUQK3v9,561239.166207000031136,1294133.970519999973476
R_6q7VDYMWhcxJB9m,581602.418080999981612,1465491.350219999905676
R_3k0oCFeqkQtHJty,577487.209985999972560,1461476.624460000079125
R_6O1E4RGOShuUGaM,609869.198730999953113,1436204.228929999982938
R_6mnEXHjUWebSb6N,577307.666210000053979,1454828.745369999902323
R_3v7X3aFMwJpzUEX,577253.221443000016734,1335287.526509999996051
R_75eFuMIIIJqfGTf,532780.995772999944165,1271086.995180000085384
R_10q71xkAGGvNPBV,532831.530924999970011,1272937.108000000007451
R_3JFIaU3JVrZvXyN,591407.297218000050634,1417177.665689999936149
R_6B1c4bH1t4Qat7X,560072.613233000040054,1404802.598109999904409
R_5Tw4r5GqKi4JeTh,538205.528124999953434,1419348.004870000062510
R_6dcW3Mx64h8UXRo,601152.660598000045866,1278241.664760000072420
R_1OUkyT1Na10Dzup,478452.218391000002157,1403630.072170000057667
R_15XYXEhWeS8q6lS,497066.471192999975756,1390156.673630000092089
R_7QMZLS5FFnI0oHD,617062.661359000019729,1334072.596929999999702
R_7Fn2Yt2txSP6sIE,578505.075991000048816,1368453.579260000027716
R_750ghPKEHiJgcHD,595825.708673999994062,1341875.671529999934137
R_7HTT4EuFj3TUtHz,601133.294292000005953,1310089.198469999944791
R_5xxyvtQyO3MeYZb,561881.884077999973670,1279566.748750000027940
R_3luL54soOlLIOi7,569204.833752000005916,1279593.378100000089034
R_1dDVoC9lufPd83Y,547736.810688999947160,1238613.487429999979213
R_3feZcYDlqSZtYPg,550668.434194999979809,1280885.067849999992177
R_7Qu7NKU7L4AZX0H,545785.373827000032179,1228241.830159999895841
R_1H5M3xLltE5cIyU,566556.792523000040092,1334105.741639999905601
R_5lblSV1PphPnBV0,543537.103684999980032,1345008.902999999932945
R_1MMu1wFIIC03x4o,563905.079811000032350,1310185.793920000083745
R_1zdopSPSp0Sgkjc,572796.570474999956787,1285923.040269999997690
R_5MQUduN7HsVpwBF,577474.104021999984980,1294113.708949999883771
R_722zcaC3DMjb3ka,506566.470004000002518,1326739.516520000062883
R_6F2q9Cm8PmD10xH,510549.891593999986071,1336858.771720000077039
R_7eWWE6JHuazLLH5,517991.688143000006676,1322484.381890000076964
R_5T8UEb82GWWIQ9j,506066.863224999979138,1311382.029420000035316
R_3gFUYjyqlSm8Xgu,506945.880448999989312,1313399.576369999907911
R_1sB8FCdUE9Dq6vC,472812.343205999990460,1321276.352050000103191
R_6pXbiZrqQRU8aor,497032.076387999986764,1326261.645520000020042
R_5t4HdE1mrZMyGgI,496906.997818999981973,1312971.764089999953285
R_3gBY5Q4HS0deCOY,496582.769040999992285,1289453.866570000071079
R_3R33g0fffPeZzFE,513182.958457999979146,1320908.514849999919534
R_1tApIpyDuIsDmc8,492882.926725000026636,1312996.966999999945983
R_30qURevwq3q1QnK,510723.235028999974020,1358143.300499999895692
R_11Wj9Zk1LXsiTHX,515997.834473000024445,1362175.667050000047311
R_1CExS3lDINGnH2y,508006.629443000012543,1365003.338200000114739
R_6NLkxJM1cIqU7Dz,464034.133677000005264,1334023.619519999949262
R_5MQGRC0DubIgcW3,530384.938094999990426,1310439.449890000047162
R_1rdGDppkL9EtvNx,526586.722488999948837,1344807.928240000037476
R_3JDxrlMcpnFPOTv,481429.327303999976721,1363341.241290000034496
R_7lWkK1MuUmI2T0x,478735.850654000008944,1363321.787980000022799
R_3qf1MupLMEHK5YR,481485.988045000005513,1359255.512640000088140
R_3mgESwtIffc5hE5,481408.609478000027593,1363336.096910000080243
R_5r6s4ZevrEwgaoJ,474869.056656999979168,1361730.173699999926612
R_6QuALEEoBvxZtLA,467661.447891000017989,1357370.329240000108257
R_3pXi7FgdzrJmzct,468314.636661999975331,1356665.192899999907240
R_6hNn0a6h8TH4ajA,484615.625187999976333,1300961.376339999958873
R_1ZHynAy1HRLpCkx,478104.414820000005420,1331821.833820000058040
R_5Gezl6efcXy7jRm,475334.907293999975082,1330917.411640000063926
R_1ls0EpGTVwWm4sQ,455070.573991000012029,1353419.403990000020713
R_1oBAGak5RZXAhMU,465834.935195999976713,1346664.883639999898151
R_7SQ5j3JaxIAzA8F,450655.132281000027433,1250378.762570000020787
R_1EaRBif1J4YsuaH,448694.334534999972675,1243614.086039999965578
R_5HipaLNECxThPs1,452381.210811999975704,1256207.886249999981374
R_70urnsE75VvtJbF,448349.996303000021726,1236315.763899999903515
R_5doRhNn8asp8mxu,419244.703692000010051,1246997.773879999993369
R_7wh504CZuFH2EMt,399101.147163000016008,1267507.635490000015125
R_6PBkC3ntXVHbP9v,415856.504017000028398,1243676.315970000112429
R_1uWjEIoqhEu9PRn,424128.392486000026111,1262985.599720000056550
R_1gCiG7U0VPOEiyS,433385.951951999973971,1248419.323580000083894
R_5nuucOaPOO8SRkJ,439328.250439000024926,1229372.930530000012368
R_7I6KtvJeWetI16b,440197.434315000020433,1227925.951799999922514
R_3TJ3vjmPbQLPPI5,444418.565845999983139,1257659.307209999999031
R_3LUs4T1c7Z1WHPH,442859.121342000027653,1260308.856119999894872
R_1SJFPRYGtwWqez2,441152.981115999980830,1266943.887839999981225
R_7pg7KaSaYXA8Lzn,439637.411258000007365,1269583.853640000103042
R_1OASK6BBsaEGtb3,400581.511207000003196,1319488.766499999910593
R_6zUbSuK9f1N19yj,418047.156437999976333,1349020.395819999976084
R_6Pe9RkciMkJISAh,418575.868669999996200,1317726.344299999997020
R_57m3qBTljJeD0Qu,415302.238406000018585,1308366.218899999978021
R_1yY3JVAGS9jA6Fr,403256.745867000019643,1335260.360640000086278
R_6oCqryccsh7aky5,391279.290319000021555,1295381.842230000067502
R_5EzenWGACErMhnb,407261.046864999982063,1298235.529929999960586
R_5mkIDlNVDCC3LQj,409982.650481000018772,1303107.213059999980032
R_1fGHWP6tprjQCHs,401785.568526000017300,1275179.196599999908358
R_5MwjaMKCg27TmjD,420684.182219000009354,1294714.667230000020936
R_1JsmEemFbm6MLyy,388304.640331999980845,1284748.359359999885783
R_1sSaH61etbH6kDm,427714.296005000011064,1286835.182629999937490
R_6FbU0sKQ0rco0Nc,433759.365069999999832,1279931.954609999898821
R_3dgtDPDcg5yL5Jk,425976.386966000020038,1288267.695760000031441
R_1ih3f4sxSeGRUWR,427492.042414000025019,1285623.038530000019819
R_1lFzvChg47QRdp4,427531.920992000028491,1285244.841410000110045
R_3wj5CJmUHTRmzv3,669975.992038000025786,1347864.635370000032708
R_62f2L3p1KW9gLRL,670315.970937000005506,1335504.356739999959245
R_6uH2NkBe019M2Yh,831409.738542999955826,1186112.455739999888465
R_53yGhbKm0tO66AM,638283.119184999959543,1310237.872329999925569
R_56m87pEo08oFhid,515578.225429999991320,1109897.067929999902844
R_1qUplur36uZzZHX,496816.125171999970917,1129941.881259999936447
R_3pPL7Q9itXzCqyd,492226.854601999977604,1131669.147469999967143
R_7eUAgFoQiA92zdL,467763.746487999975216,1144772.189119999995455
R_7Pu8curjrAol5rq,473606.451668999972753,1138921.180390000110492
R_5nW7MKRppBz4TGN,496193.849007999990135,1129513.522809999994934
R_5iKIJ33DkzfAlYW,496999.680670999980066,1149152.697429999941960
R_7BreGByq6s9OcBX,469582.196974000020418,1155848.721829999936745
R_1p0oslxtHw8rf1L,490553.679512000002433,1178115.270179999992251
R_51mzH2D160WJzvQ,493028.176451999985147,1165704.860150000080466
R_3nTLXUAU4Vbyi1O,497811.193249000003561,1167394.634259999962524
R_7lCDA3N1cTe4JqN,509544.753712999983691,1078099.352650000015274
R_50x7S7kOY3aecvN,489887.844791000010446,1176425.061800000024959
R_6j6OEYnLPjYXw4p,512275.814888999972027,1094740.145659999921918
R_3j9fxIbbfSUaOg1,474903.219679999980144,1460087.466319999890402
R_2z4NQ9nm3nyHrXP,471730.944964000023901,1480847.322769999969751
R_6pK69zYkhAtJ0Ot,485152.517264999973122,1490123.235210000071675
R_6f7awwmYPrqfgnT,448384.414525999978650,1488515.164850000059232
R_3UcqLMoWojxFP1o,427403.825504000007641,1337806.335650000022724
R_1DUqw365NTP2bPb,551946.621797000057995,1315485.720780000090599
R_1dnKCXOL3dfxrCE,450642.317726999986917,1154022.685730000026524
R_1FfJNDUqs0Nt29P,430424.052511000016239,1378568.003580000018701
R_19b1ms2iYLArZvF,505259.752486000012141,1345066.816099999938160
R_1g8fEnCtvD7IuEI,429850.865537000005133,1253687.438180000055581
R_6wpqafF0qHBw2g9,417086.425242999976035,1272150.395869999891147
R_6s0vDp9szBBqDZJ,425938.935822000028566,1270935.112539999885485
R_11Y2hpZi91uGcTT,496393.991862000024412,1083226.557239999994636
R_51aBfOQDo7ZXjKD,449741.089508000004571,1288437.027909999946132
R_1KwEAvyvQgq9ZdJ,547229.437387999962084,1234029.992159999907017
R_5TFxLH3SfOalfHq,433828.687549999973271,1256587.283790000015870
R_3dF2JAkZv4A8YEN,401885.351680999970995,1284524.800939999986440
R_57ftr8SHeGjSEjn,498058.671841999981552,1354910.391659999964759
R_59JSQqhSN3MUayd,426905.265430999977980,1355668.375389999942854
R_1WIOEE6ROXBQPRR,669910.548580999951810,1355421.985619999933988
R_7irMGlinpLAYDep,553298.128188999951817,1321483.572930000023916
R_3FAFyhjY39kSgBH,588091.287110000033863,1469459.525089999893680
R_1s1pgNCNsKsJLMt,587931.381350000039674,1330064.426750000100583
R_5IKKPKCMNeh2tYl,595615.778799999970943,1424251.390709999948740
R_534ytALuu9ko6lG,608948.035124000045471,1424334.235460000112653
R_7ME58g1ufsTYPNn,598214.812743999995291,1413737.811740000033751
R_5Ic3Qf47sN5yQa9,535190.898458000039682,1402986.277609999990091
R_5oo0jK1bBmh08pi,561933.107410999946296,1432212.827220000093803
R_5G7VDELOB5YvqkI,457031.059020999993663,1407931.674379999982193
R_6H8EDa0FnDfyABv,616353.391549999942072,1335416.299060000106692
R_3ROLjUq5Ww7cdYp,605136.429972999962047,1339867.231440000003204
R_7I5BmWytnPil1bx,565300.491527999984100,1276781.772000000113621
R_6Oqr7LEAsvd8HXu,536230.841174999950454,1248273.154719999991357
R_70Zh7NtmyYbr3bB,542297.696006000041962,1228316.461249999934807
R_7gH3NCJOHb8KgZr,552098.173904999974184,1245846.610309999901801
R_1FJ5XrT1q8CVkC3,509685.011340999975801,1326319.440909999888390
R_7w6aQSRmfdbncWd,499936.027197999996133,1342253.302129999967292
R_61zwYqr0REp8dTW,519839.733905999979470,1327528.081479999935254
R_3WmWpdaSBAOjp3H,520509.257341000018641,1328864.905289999907836
R_7CdqBVPVz6JFd6A,493981.857866999984253,1294393.943410000065342
R_12nh9QCjeAh2plB,514667.285322999989148,1355461.855280000017956
R_6eCB0Kx286rKYUm,509934.958916999981739,1345952.464209999889135
R_1H7ggY4nyLYXBPw,518762.603528000006918,1352777.534380000084639
R_5dLE9Lwsw7GLLCN,489245.632146999996621,1336993.066790000069886
R_3EQoOOW0PZl4xt3,493336.709853000007570,1356879.329450000077486
R_5OTPBav00lJGbPH,493309.127914000011515,1363801.689479999942705
R_52yk0G4RTi136QA,537138.562223999993876,1311396.961700000101700
R_3GWgi7CVObbP4yY,482111.530827999988105,1366579.330210000043735
R_5YqORWQiN7HS3oc,500195.416948999976739,1308925.640469999983907
R_5DolqRxG2iNGzut,448228.951340000028722,1258985.655220000073314
R_5AM7PP3UDqxA5W1,425943.258117999997921,1268304.493620000081137
R_32P86qc4Us3U4mS,429855.675026000011712,1245963.756499999901280
R_3ZZHyfas1k1Z1eh,430288.474234999972396,1258657.210209999931976
R_3pGyOuCja7LPL83,423563.290081000013743,1255208.807280000066385
R_1HAeXn8JSxCqAzn,426755.402209999971092,1252356.029919999884441
R_7pJWrvsghL4r9Um,439122.696338000008836,1262959.044909999938682
R_3TWhvPsCJB5zh1T,449816.146272999991197,1288704.700399999972433
R_6PuieP5puZwPEOD,405933.500340999977197,1312573.472999999998137
R_3VjD6IF7xHoJooI,427546.757326000020839,1277802.346080000046641
R_5iaG7DU7EM093dD,662705.353884999989532,1342455.422860000049695
R_3dH8AIDNkr5TFus,655778.461195999989286,1308784.221709999954328
R_6mBbFwbLuLa117z,425696.884550000017043,1302891.700399999972433
R_1C86ZyVVw7EcExs,525227.776304000057280,1126715.975480000022799
R_5DIJnkvTfA7PiBv,492129.242319000011776,1131702.631730000022799
R_2V4S0lmvSMH10Yo,496161.609439000021666,1129522.825819999910891
R_5rxBG5xW7Ch1qjK,469626.638483999995515,1141853.942379999905825
R_7xQdpRaMta2IzM9,465612.443762000009883,1137714.743640000000596
R_7usqG2FA3q3A2rC,492212.859633999993093,1142775.778510000091046
R_3sb0wddOhmPYqkn,513115.112245000025723,1155072.023740000091493
R_6mdxpNky8y5NTNn,557572.957762000034563,1116665.982330000028014
R_6qfl3ohbAvNpre4,510951.549270000017714,1415019.295339999953285
R_5FllxW8yQNOPplI,493692.702240000013262,1457004.737220000009984
R_6gO8cyGHelILIxQ,499496.879889999981970,1436753.468170000007376
R_5PXnw9DaEy8ntwV,418999.686791000014637,1365036.486329999985173
R_5Og7DmsbSnIHvzj,548646.208361999946646,1264635.913290000054985